"WHM Name","WH Name","WH ID","Address","District","State","Capacity(in MT)","Registration Date","Registration Valid Upto","Contact No.","Status","Remarks"
"ALUKA SUNITHA","ALUKA SUNITHA","6677793","3-4/2/12, NEKKONDA, WARANGAL, TELANGANA,","WARANGAL RURAL","TELANGANA","10000","27-Jan-2023","26-Jan-2028","9492114990","Active",""
"AMC MIRYALAGUDA","Godown No.3","6981724","SELECTION GRADE SECRETARY, AGRIL.MARKET COMMITTEE, MIRYALAGUDA","NALGONDA","TELANGANA","5000","30-Sep-2024","29-Sep-2029","7330733557","Inactive",""
"AMC Nizamabad","AMC,NIZAMABAD","7000268","Selection Grade Secretary, AMC Nizamabad","NIZAMABAD","TELANGANA","1000","03-Dec-2024","02-Dec-2029","7330733225","Active",""
"AMC, Warangal","Godown no.20","6806400","Selection Grade Secretary, AMC, Warangal","WARANGAL (URBAN)","TELANGANA","5000","24-Nov-2023","23-Nov-2028","7330733470","Active",""
"ANU RAGHAVA COLD STORAGE PRIVATE LIMITED","ANU RAGHAVA COLD STORAGE PRIVATE LIMITED","6858872","SURVEY NO -115/D, KONDAPURAM VILLAGE, KHAMMAM RURAL MADLAM","KHAMMAM","TELANGANA","9990","14-Feb-2024","13-Feb-2029","8500422422","Active",""
"ANUMANDLA SARITHA","Anumandla Saritha","6674824","3-4/2/6, NEKKONDA,","WARANGAL RURAL","TELANGANA","5000","18-Jan-2023","17-Jan-2028","9492114990","Active",""
"BHADRAKALI WAREHOUSING","BHADRAKALI WAREHOUSING","6800551","775/U AND 776, KAUKUNTLA VILLAGE AND MANDAL","MAHABUBNAGAR","TELANGANA","7997","07-Nov-2023","06-Nov-2028","7288801111","Active",""
"Bharathi Rekulapalli","Bharathi Warehouse","6901532","5-55/20,Godown No-20, Raghavapur","PEDDAPALLI","TELANGANA","10000","31-Mar-2024","30-Dec-2028","9849073576","Active",""
"Central Warehousing Corporation","CW Warangal","3170034","H.NO. 11-15-15, Laxmipuram, Narsarampet Road, Kashibugga, Warangal","WARANGAL (URBAN)","TELANGANA","11850","19-Jun-2023","18-Dec-2027","7707808777","Active",""
"Central Warehousing Corporation","CW Nizamabad","2850022","Central Warehouse, GurubhaAbhadhi, P.O. Subhash Nagar,Nizamabad","NIZAMABAD","TELANGANA","31000","30-May-2023","29-May-2028","9628655690","Active",""
"Central Warehousing Corporation","CW, WARANGAL - ENAMAMULA","6748263","AMC, Enumamula Market, Enumamula,","WARANGAL (URBAN)","TELANGANA","10500","30-Jun-2023","29-Jun-2028","7707808777","Active",""
"Central Warehousing Corporation","CW,KARIMNAGAR-!","3730030","Bhagathnagar,Godamgadda,Karimnagar,","KARIMNAGAR","TELANGANA","33900","26-May-2023","23-Jun-2028","9550476004","Active",""
"Central Warehousing Corporation","CW Chityal","3050015","Main Road Chityal,","NALGONDA","TELANGANA","8600","15-May-2023","14-May-2028","9849931524","Active",""
"Central Warehousing Corporation","CW,GADWAL","3770010","Ieeja Road,Gadwal,","JOGULAMBA","TELANGANA","24244","26-May-2023","24-Jun-2028","9440503854","Active",""
"Central Warehousing Corporation","RWC Sanathnagar","6989016","Moosapet Railway Goodshed, Sanathnagar","Hyderabad","TELANGANA","9382","23-Oct-2024","22-Oct-2029","8186845678","Active",""
"Central Warehousing Corporation","CW Mahabubnagar","3170023","Central Warehouse, New Mothinagar, Near Railway Station","MAHABUBNAGAR","TELANGANA","40000","17-Aug-2023","16-Feb-2028","9391549998","Active",""
"Central Warehousing Corporation","CW,KARIMNAGAR-!!","3730017","H.No:7-30/5,7-30/6,7-30/7,Main road,Garepally,","PEDDAPALLI","TELANGANA","30000","27-May-2023","23-Jun-2028","7206143790","Active",""
"Central Warehousing Corporation","CW Suryapet","2190012","Central Warehouse, Industrial Area, Suryapet Post, Suryapet Post","SURYAPET","TELANGANA","60000","24-Apr-2023","23-Apr-2028","8143100617","Active",""
"Central Warehousing Corporation","CW, BODHAN","6741870","GUNJ ROAD, BODHAN,","NIZAMABAD","TELANGANA","73505","22-Jun-2023","21-Jun-2028","9440427190","Active",""
"Central Warehousing Corporation","CW Jangaon","2270021","01-01-78/1, Grain Market Road, Jangaon","JANGOAN","TELANGANA","7590","21-May-2023","20-May-2028","8106287623","Active",""
"Central Warehousing Corporation","CW, ADILABAD","6723514","D.No. 4-5-13/5/1, Rampur Road, Adilabad,","ADILABAD","TELANGANA","35000","29-May-2023","28-May-2028","9182123732","Active",""
"Central Warehousing Corporation","CW Sarangapur","3890016","Central Warehouse, Jannepally Crossroad, Sarangapur","NIZAMABAD","TELANGANA","52816","02-Jun-2023","27-Dec-2027","8125799378","Active",""
"Central Warehousing Corporation","CW Medak","2850037","Near PG College, Siddipet Road, Medak","MEDAK","TELANGANA","11566","25-May-2023","24-May-2028","7337411044","Active",""
"Central Warehousing Corporation","CW,SIDDIPETA","3830028","Opposite government degree college, Medak road, Siddipeta","SIDDIPET","TELANGANA","19095","29-May-2023","26-Jun-2028","8885421312","Active",""
"CHALLA ANANTHAMMA","CHALLA ANANTHAMMA","6679591","3-4/2/5, NEKKONDA, WARANGAL,","WARANGAL RURAL","TELANGANA","10000","03-Feb-2023","02-Feb-2028","9492114990","Active",""
"CHALLA ANDALU","CHALLA ANDALU","6675367","3-4/2/4, NEKKONDA, WARANGAL,","WARANGAL RURAL","TELANGANA","10000","18-Jan-2023","17-Jan-2028","9492114990","Active",""
"CHALLA ARUNA","CHALLA ARUNA","6677702","3-4/2/1, NEKKONDA, WARANGAL,","WARANGAL RURAL","TELANGANA","10000","25-Jan-2023","24-Jan-2028","9492114990","Active",""
"CHALLA MANOGNYA","CHALLA MANOGNYA","6808836","45-6-421, GORREKUNTA,","WARANGAL RURAL","TELANGANA","24000","30-Nov-2023","29-Nov-2028","9492114990","Active",""
"CHALLA MANOGNYA","CHALLA MANOGNYA","6675276","3-4/2/8, NEKKONDA, WARANGAL,","WARANGAL RURAL","TELANGANA","10000","18-Jan-2023","17-Jan-2028","9492114990","Active",""
"CHALLA RAMADEVI","CHALLA RAMADEVI","6674915","3-4/2/2, NEKKONDA, WARANGAL,","WARANGAL RURAL","TELANGANA","10000","18-Jan-2023","17-Jan-2028","9492114990","Active",""
"CHALLA SRINIVAS REDDY","CHALLA SRINIVAS REDDY","6677611","3-4/2/3, NEKKONDA, WARANGAL,","WARANGAL RURAL","TELANGANA","5000","25-Jan-2023","24-Jan-2028","9492114990","Active",""
"CHALLA VARSHINI","CHALLA VARSHINI","6677256","3-4/2/10, NEKKONDA, WARANGAL.,","WARANGAL RURAL","TELANGANA","10000","24-Jan-2023","23-Jan-2028","9492114990","Active",""
"CHANDRAMOHAN PRATAPAGIRI","PRATAPAGIRI CHANDRA MOHAN","6839435","YNO 141 & 146 RAMAJIPET VILLAGE, YADAGIRIGUTTA MANDAL","YADADRI","TELANGANA","5000","18-Jan-2024","17-Jan-2029","9866522905","Active",""
"DADUVY DEVI","SARALADEVI GODOWNS","6934293","SYNO 645/A/1, MUDIREDDYPALLY","MAHABUBNAGAR","TELANGANA","23389","28-May-2024","27-May-2029","8497952500","Active",""
"DADUVY DEVI","DADUVY SARALA DEVI","6942668","GNO 2 SYNO 733 AND 728 CHERLAPALLY, JADCHERLA","MAHABUBNAGAR","TELANGANA","10000","13-Jun-2024","12-Jun-2029","8497952500","Active",""
"DADUVY KUMAR","DADUVY VIJAY KUMAR","6937445","GNO 1 AND 3 SYNO 728 733, CHERLAPALLY GRAMPANCHAYTH JADCHERLA MANDAL","MAHABUBNAGAR","TELANGANA","18000","31-May-2024","30-May-2029","9393034179","Active",""
"Deepthi Jalla","Jalla Deepthi & Jalla Divya GMR Rural Godowns","7044548","Godowns No. 8 A (ABC) & 88 (DEF), SY No 1216, 1195 Door no. 55/8 Raghavapur (V),","PEDDAPALLI","TELANGANA","10000","21-Mar-2025","20-Mar-2030","9949099333","Active",""
"DONTHA SRIDEVI","DONTHA SRIDEVI","6743587","GODOWN NO 14, NIDIGONDA VILLAGE RAGHUNATHPALLY MANDAL","JANGOAN","TELANGANA","5000","23-Jun-2023","22-Jun-2028","9959456333","Active",""
"GEETLA KAVITHA","GEETLA KAVITHA","6664478","SYNO 1213/1 1213/2 1199 1198 1216, HAVAPUR VILL PEDDAPALLI MDL","PEDDAPALLI","TELANGANA","10000","21-Dec-2022","20-Dec-2027","9392474432","Active",""
"GEETLA REDDY","GEETLA SAVITHA REDDY","6653406","GODOWN 2 SYNO 1213/1 HNO 5-55/2, RAGHAVAPUR VILL PEDDAPALLI MDL","PEDDAPALLI","TELANGANA","10000","24-Nov-2022","23-Nov-2027","9000712233","Active",""
"Global Cold Storage Pvt Ltd","Global cold Storage Pvt Ltd","7089451","Survey No.325,Gundaram Village Shivar,Near Ashok farm, Jannepally Road,Srinagar, NIZAMABAD.503246,","NIZAMABAD","TELANGANA","11102","14-May-2025","13-May-2030","9347222660","Active",""
"GOVINDAMMA EV","EV GOVINDAMMA","6763569","S NO. 764, 764/1/1 AND 764/1/2, KAUKUNTLA VILLAGE AND MANDAL","MAHABUBNAGAR","TELANGANA","7997","27-Jul-2023","26-Jul-2028","9494772727","Active",""
"GRR WAREHOUSING","GRR WAREHOUSING","6760326","S.NOS. 775/A AND 768, KAUKUNTLA VILLAGE AND MANDAL","MAHABUBNAGAR","TELANGANA","7997","20-Jul-2023","19-Jul-2028","9849092934","Active",""
"HINDUSTHAN WAREHOUSING PVT LTD","HINDUSTHAN WAREHOUSING PVT LTD","6936363","7/275 ,PEDAKAPARTHY VILLAGE, CHITYAL MANDAL","NALGONDA","TELANGANA","30000","31-May-2024","30-May-2029","9949858585","Active",""
"Jalla Rao","Jalla Nageswara Rao & Jalla Deepika","7044274","GMR Rural Godowns No. 7 (ABC) and 7 B (DEF) Sy. No. 1216, 1195, Door No. 55/7, Raghavapur (V)","PEDDAPALLI","TELANGANA","10000","21-Mar-2025","20-Mar-2030","9949099333","Active",""
"Janhavi Promoters Private Limited","Sri M K Cold Storage","6796411","Sy No. 262/AP1, 262 /AP2 Srinagar ,, Gundaram, Nizamabad, Telangana - 503246","NIZAMABAD","TELANGANA","9999","30-Oct-2023","29-Oct-2028","9602107772","Active",""
"Janhavi Promoters Private Limited","Janhavi Promoters Private Limited C/O Jyothi Godown","6584015","Survey no. 855,3-81/19/5-6-7-8 Kaloor Village, Shivar, Mandal, Nizamabad 503003","NIZAMABAD","TELANGANA","3833","29-May-2022","28-May-2027","9602017772","Active",""
"JULAPALLY MADHAVA RAO","JULAPALLY MADHAVA RAO","6947709","GODOWN NO 20 GPH NO 11-25/19, NIDIGONDA VILLAGE RAGHUNATHPALLY MANDAL","JANGOAN","TELANGANA","5000","20-Jun-2024","19-Jun-2028","9440062677","Active",""
"JULAPALLY SHARADA","JULAPALLY SHARADA","6936900","GNO 19, NIDIGONDA VILLAGE RAGHUNATHPALLY MANDAL","JANGOAN","TELANGANA","5000","31-May-2024","30-May-2028","6281200179","Active",""
"kaparthi Shravan kumar","Gaddam Krishna Kishore Reddy","7035090","Sy.No 853 853/2 853/3, Kaloor Village","NIZAMABAD","TELANGANA","2606","10-Mar-2025","09-Mar-2030","9848479001","Active",""
"KATKOORI VARALAXMI","KATKURI VARALAXMI RURAL GODOWN","6663934","UMBER 6 SYNO 1214 HNO 5-55/6, RAGHAVAPUR","PEDDAPALLI","TELANGANA","10000","20-Dec-2022","19-Dec-2027","9849947616","Active",""
"LAXMI VUDTALA","VUDUTHALA GODOWN CHINNADARPALLY","6569701","SYNO 42/A CHINNADARPALLY, MAHABUBNAGAR","MAHABUBNAGAR","TELANGANA","10000","20-Apr-2022","19-Apr-2027","8639706705","Active",""
"M/S. SREE RAMAKRISHNA STORAGES","SREE RAMAKRISHNA STORAGES","6536049","A.DUPPALAPALLY VILLAGE, TIPPARTHY MANDAL","NALGONDA","TELANGANA","30000","07-Oct-2021","06-Oct-2026","9985166999","Active",""
"MADHAVAPEDDI APARNA","MADHAVAPEDDI APARNA","6677520","3-4/2/9, NEKKONDA, WARANGAL,","WARANGAL RURAL","TELANGANA","10000","24-Jan-2023","23-Jan-2028","9492114990","Active",""
"MADIREDDY BHAGYALAXMI","MADIREDDY BHAGYALAXMI","6675904","GODOWN NUMBER 5 SYNO 1213/A, RAGHAVAPUR","PEDDAPALLI","TELANGANA","10000","20-Jan-2023","19-Jan-2028","9989464183","Active",""
"Matrix Warehousing Private Limited","Matrix Warehousing Private Limited","6960215","S.No 152, Industrial Estate, Miryalaguda","NALGONDA","TELANGANA","45599","19-Jul-2024","18-Jul-2029","9121220448","Active",""
"MATTA SRUJANA","Matta Srujana","6680227","3-4/2/7, NEKKONDA,","WARANGAL RURAL","TELANGANA","10000","06-Feb-2023","05-Nov-2027","9492114990","Active",""
"MKR WAREHOUSING","MKR WAREHOUSING","6767529","S.NO.766/UU, 766/E/2, 766/E/3, 766, 767 AND 768, KAUKUNTLA VILLAGE AND MANDAL","MAHABUBNAGAR","TELANGANA","7000","31-Jul-2023","30-Jul-2028","9000063555","Active",""
"MYAKALA SUDHARANI","MYAKALA SUDHA RANI RURAL GODOWNS","6623706","SYNO 80 AND 42/E CHINNADARPALLY VILLAGE, HANWADA MANDAL","MAHABUBNAGAR","TELANGANA","10000","30-Aug-2022","29-Aug-2027","8639706705","Active",""
"National Commodities Management Services Limited","NCML PROJECT COLD STORAGE","7450019","Sy no - 301,302,303,304,305/P&P2,523/A&AA, VILLAGE -GUNDARAM,(vi), KONDURSHIVAR","NIZAMABAD","TELANGANA","8000","16-Oct-2023","18-Feb-2029","9205590277","Active",""
"NYMISHA ANUMULA","NYMISHA REDDY ANUMULA","6773014","S.NOS. 775/A, 775/AA, 764, 764/1/2 AND 765/A, KAUKUNTLA VILLAGE AND MANDAL","MAHABUBNAGAR","TELANGANA","15000","21-Aug-2023","20-Aug-2028","9912699699","Active",""
"PACHIMATLA KUMAR","P MANOJ KUMAR RURAL GODOWNS","6678601","SY NO 510,214,215,216,217,228, NAGIREDDY PALLY","YADADRI","TELANGANA","9284","31-Jan-2023","30-Jan-2026","9000444416","Active",""
"PACHIMATLA MADURI","Madhuri rural godowns","6686703","Survey NO 107 NAGIREDDY PALLI VILLAGE, BHONGIR MANDAL","YADADRI","TELANGANA","9981","20-Feb-2023","19-Feb-2028","9550710555","Active",""
"PACHIMATLA MANDAKINI","MADAKINI RURAL GODOWNS","6679237","SY NO 510,511, NAGIREDDY PALLY","YADADRI","TELANGANA","14792","01-Feb-2023","31-Jan-2028","9666476084","Active",""
"PACHIMATLA PADMA","PADMA RURAL GODOWNS","6678510","SY NO 510,511,512,513, NAGIREDDY PALLY","YADADRI","TELANGANA","16071","31-Jan-2023","30-Jul-2027","9014812008","Active",""
"PACHIMATLA RAJU","P Shivaraj Goud Rural Godown","6809553","Survey No-S 89,97,102,105,106, Nagireddy Pally","YADADRI","TELANGANA","10501","30-Nov-2023","29-May-2028","8977334999","Active",""
"PRATAPAGIRI DEVI","PRATAPAGIRI SUVARNA DEVI","6788947","WANGAPALLI GODOWN NO 7 SYNO 141 & 146 RAMAJIPET VILLAGE, WANGAPALLI YADAGIRIGUTTA MANDAL","YADADRI","TELANGANA","5000","06-Oct-2023","05-Oct-2028","9700011665","Active",""
"PRATAPAGIRI PRAKASH","PRATAPAGIRI VEERA PRAKASH","6792451","WANGAPALLI GODOWN NO 1 SYNO 141 & 146 WANGAPLLI GODOWN NO, RAMAJIPET VILLAGE YADAGIRIGUTTA MANDAL","YADADRI","TELANGANA","5000","18-Oct-2023","17-Oct-2028","9849559886","Active",""
"PRATAPAGIRI RAJAIAH","PRATAPAGIRI RAJAIAH","6834840","GODWON 5 SNY 20/1 20/1/1 21/1 21/2 22/1 22/2, YESHWANTPUR VILLAGE","JANGOAN","TELANGANA","5000","11-Jan-2024","10-Jan-2029","9849558905","Active",""
"PRATAPAGIRI RAO","PRATAPAGIRI GANESH RAO","6756001","WANGAPALLI GODOWN NO 4 & 10 SYNO 141 & 146 RAMAJIPET VILLAGE, WANGAPALLI YADAGIRIGUTTA MANDAL","YADADRI","TELANGANA","10000","14-Jul-2023","13-Jul-2028","9849559886","Active",""
"PRATPAGIRI RAO","PRATAPAGIRI GANESH RAO","6755730","GODWON 6 SNY 20/1 20/1/1 21/1 21/2 22/1 22/2, YESHWANTPUR VILLAGE","JANGOAN","TELANGANA","5000","14-Jul-2023","13-Jul-2028","9381576422","Active",""
"PURUSHOTHAM MUNDADA","PURUSHOTHAM MUNDADA","6704886","GODWON 3 SNY 20/1 20/1/1 21/1 21/2 22/1 22/2, YESHWANTPUR VILLAGE","JANGOAN","TELANGANA","5000","31-Mar-2023","30-Mar-2028","9989121044","Active",""
"RAGHUNATHA THATIPARTHI","T Raghunatha Rao","6877054","GODOWN NUMBER 11 & 12 SYNO 1193 GNO 5-55/11, Raghavapur Village Peddapa","PEDDAPALLI","TELANGANA","10000","29-Feb-2024","28-Feb-2029","9866133128","Active",""
"RAGHURAM BONALA","pavanwarehouse","7082340","kodad,","SURYAPET","TELANGANA","3601","29-Apr-2025","28-Oct-2029","9059049432","Active",""
"RAJAIAH PRATAPAGIRI","P RAJAIAH","6841324","SYNO 141 & 146 RAMAJIPET VILLAGE, WANGAPALLI YADAGIRIGUTTA MANDAL","YADADRI","TELANGANA","10000","19-Jan-2024","18-Jan-2029","9849558905","Active",""
"RICE MILLERS GRAINS WAREHOUSE PRIVATE LIMITED","RICE MILLERS GRAINS WAREHOUSE PRIVATE LIMITED","6960934","SYNO 283 282/D 285 278 282/A E AND 284, NAGUNOOR VILLAGE","KARIMNAGAR","TELANGANA","40532","22-Jul-2024","21-Jul-2029","9652914843","Active",""
"SA-KA WAREHOUSING & ALLIED SERVICES","SA-KA WAREHOUSING & ALLIED SERVICES","6749253","S.NOS. 764, 765/A, 765/AA765/A/AA, 765/E/2, 766/EE/2, 766/EE/3, 766/U AND 766/UU, FLAT NO.208 PLOT NO.83 & 84, PARK VIEW ENCLAVE","MAHABUBNAGAR","TELANGANA","15000","30-Jun-2023","29-Jun-2028","9848020202","Active",""
"SABITHA DONTHA","SABITHA DONTHA","6730717","GODOWN NO 13, NIDIGONDA VILLAGE RAGHUNATHPALLY MANDAL","JANGOAN","TELANGANA","5000","06-Jun-2023","05-Jun-2028","9866499999","Active",""
"SAI BALAJI WAREHOUSING AND LOGISTICS PRIVATE LIMITED","SAI BALAJI WAREHOUSING AND LOGISTICS PRIVATE LIMITED","6597157","SYNO 121 122 AND 123 CHERUVUPALLY VILLAG, MADUGULAPALLY MANDAL","NALGONDA","TELANGANA","75000","23-Jun-2022","22-Jun-2027","9440166166","Active",""
"SAMBA PRATAPAGIRI","P SAMBA MURTHY","6881015","SYNO 141 & 146 RAMAJIPET VILLAGE, WANGAPALLI YADAGIRIGUTTA MANDAL","YADADRI","TELANGANA","5000","08-Mar-2024","07-Mar-2029","9849015185","Active",""
"SANTHOSH MUNDADA","SANTHOSH MUNDADA","6703441","GODWON 2 SNY 20/1 20/1/1 21/1 21/2 22/1 22/2, YESHWANTPUR VILLAGE","JANGOAN","TELANGANA","5000","31-Mar-2023","30-Mar-2028","9908384454","Active",""
"Sarang Hitech Cold Storage LLP","SARANG HITECH COLD STORAGE LLP","7042112","SYNO 107,111,","NIZAMABAD","TELANGANA","5500","20-Mar-2025","19-Mar-2030","9949089962","Active",""
"SATHISH PRATAPAGIRI","PRATAPAGIRI SATHISH KUMAR","6811988","WANGAPALLI GODOWN NO 5 SYNO 141 & 146 RAMAJIPET VILLAGE, WANGAPALLI YADAGIRIGUTTA MANDAL","YADADRI","TELANGANA","5000","08-Dec-2023","07-Dec-2028","9849559886","Active",""
"Sri Peddamma Cold Storage LLP","Sri Peddamma Cold Storage LLP","9891667","S. No. 725/E1/1, Dondapadu Village and Post, Chintalapalaem (Mandal)","SURYAPET","TELANGANA","8300","28-Dec-2020","27-Dec-2025","9391228283","Active",""
"SRI RAJA RAJESHWARA AGRI WAREHOUSING","SRI RAJARAJESHWARA AGRI WARE HOUSING","6679864","H.NO.4-2-140//5/D/3, KUNARAM ROAD PEDDAPALLI","PEDDAPALLI","TELANGANA","5000","03-Feb-2023","02-Feb-2028","9959366665","Active",""
"SRI RAMA WAREHOUSING","SRI RAMA WAREHOUSING","6922140","S.NO. 775/A AND 775/AA, NEAR RAILWAY STATION, KAUKUNTLA VILLAGE AND MANDAL, MAHABOOBNAGAR DISTRICT","MAHABUBNAGAR","TELANGANA","7997","26-Apr-2024","25-Apr-2029","8897446666","Active",""
"SRI TIRUMALA COLD STORAGE","SRI TIRUMALA COLD STORAGE","6838809","SY NO 616 AA1/1/2, 616 AA1/2/1, 616AA1/3/1, KOKKIRENI (V), THIRUMALAYAPALEM(M), KHAMMAM DIST,","KHAMMAM","TELANGANA","9900","17-Jan-2024","16-Jan-2029","9440108749","Active",""
"SRI VENKATESHWARA GODOWNS","SRI VENKATESHWARA GODOWNS","6704977","H.no.9-40, vadlakonda","JANGOAN","TELANGANA","10000","09-Jan-2025","08-Jan-2030","9515109369","Active",""
"StarAgriWarehousing CollateralManagementLimited","Thrimurty Agro Cold","6941223","Chamber No 1,Survey No. 247/1,, Keshapur Village, Nizamabad, Telangana","NIZAMABAD","TELANGANA","4580","10-Jun-2024","09-Jun-2029","9314058569","Active",""
"SUNITHA MUNDADA","SUNITHA MUNDADA","6704076","GODWON 4 SNY 20/1 20/1/1 21/1 21/2 22/1 22/2, YESHWANTPUR VILLAGE","JANGOAN","TELANGANA","5000","31-Mar-2023","30-Mar-2028","9676030003","Active",""
"SV Multi Logitech Pvt. Ltd.","S V Multi Logitech Pvt. Ltd.","6563498","Survey No. 144/1, 144/2 & 166,","RANGAREDDY","TELANGANA","35090","24-Mar-2022","23-Mar-2027","8978661786","Active",""
"TELANGANA STATE WAREHOUSING CORPORATION","MIRYALAGUDA IG MATRIX","6660872","V.T.PALEM, V.T.PALEM","NALGONDA","TELANGANA","5000","08-Dec-2022","07-Dec-2027","9948760142","Inactive","EFFECTIVE CONTROL EXPIRED"
"TELANGANA STATE WAREHOUSING CORPORATION","Choularamaram (V) - OWN","7041122","Addagudur(m),","YADADRI","TELANGANA","15000","19-Mar-2025","18-Mar-2030","9542193536","Active",""
"TELANGANA STATE WAREHOUSING CORPORATION","TSWC Khammam","6547384","WARANGAL ROAD PEDDATANDA, GHANDI CHOWK","KHAMMAM","TELANGANA","26000","23-Dec-2021","22-Dec-2026","9866329193","Active",""
"TELANGANA STATE WAREHOUSING CORPORATION","Chityal- OWN","7026727","Chityal,","WANAPARTHY","TELANGANA","10000","27-Feb-2025","26-Feb-2030","9110561200","Active",""
"TELANGANA STATE WAREHOUSING CORPORATION","TSWC JAMMIKUNTA OWN","6618573","TSWC JAMMIKUNTA OWN NEAR M R O OFFICE, NEW MARKET ROAD JAMMIKUNTA ( V&M ) KARIMNAGAR D","KARIMNAGAR","TELANGANA","17500","20-Aug-2022","19-Aug-2027","7981672700","Active",""
"TELANGANA STATE WAREHOUSING CORPORATION","ADLOOR YELLAREDDY(IG)- II","7026180","ADLOOR YELLAREDDY, SADASHIVANAGAR","KAMAREDDY","TELANGANA","20000","27-Feb-2025","26-Feb-2030","9849186492","Inactive","EFFECTIVE CONTROL EXPIRED"
"TELANGANA STATE WAREHOUSING CORPORATION","Bibinagar - IG","6661680","Bibinagar,","YADADRI","TELANGANA","10000","09-Dec-2022","08-Dec-2027","9440541014","Inactive","EFFECTIVE CONTROL EXPIRED"
"TELANGANA STATE WAREHOUSING CORPORATION","TSWC Kamareddy","6552244","Kamareddy,","KAMAREDDY","TELANGANA","15000","15-Feb-2022","14-Feb-2027","9849387820","Active",""
"TELANGANA STATE WAREHOUSING CORPORATION","Bodhan- IG","6688147","Bodhan,","NIZAMABAD","TELANGANA","12500","23-Feb-2023","22-Feb-2028","9705377099","Inactive","EFFECTIVE CONTROL EXPIRED"
"TELANGANA STATE WAREHOUSING CORPORATION","Nizamabad-IG Benday Srinivas","6661144","Nizamabad,","NIZAMABAD","TELANGANA","10000","08-Dec-2022","07-Dec-2027","9705377099","Inactive","EFFECTIVE CONTROL EXPIRED"
"TELANGANA STATE WAREHOUSING CORPORATION","Tatipudi-II (Wyra)","6684633","Wyra,","KHAMMAM","TELANGANA","5000","17-Feb-2023","16-Feb-2028","9440875568","Inactive","EFFECTIVE CONTROL EXPIRED"
"TELANGANA STATE WAREHOUSING CORPORATION","Nekkonda-IG","6789572","Nekkonda, Warangal","WARANGAL (URBAN)","TELANGANA","10000","10-Oct-2023","09-Oct-2028","9440496015","Inactive","EFFECTIVE CONTROL EXPIRED"
"TELANGANA STATE WAREHOUSING CORPORATION","TSWC VENKATADRIPALEM OWN","6566376","VENKATADRIPALEM,","NALGONDA","TELANGANA","20500","29-Mar-2022","28-Mar-2027","9948760142","Active",""
"TELANGANA STATE WAREHOUSING CORPORATION","TSWC WARANGAL OWN","6568356","DESHALPET ROAD,","WARANGAL RURAL","TELANGANA","12500","31-Mar-2022","30-Mar-2027","9440496015","Active",""
"TELANGANA STATE WAREHOUSING CORPORATION","KUKKADAM-IG","6677074","Gajalapuram,","NALGONDA","TELANGANA","35000","24-Jan-2023","23-Jan-2028","9390218948","Inactive","EFFECTIVE CONTROL EXPIRED"
"TELANGANA STATE WAREHOUSING CORPORATION","KONKALAPALLY","6691836","Konkalapally village,, Revally(M)","WANAPARTHY","TELANGANA","10000","03-Mar-2023","02-Mar-2028","9573631003","Active",""
"TELANGANA STATE WAREHOUSING CORPORATION","Mahabubabad-I-IG Aanantharam-I","6693634","Mahabubabad,","MAHABUBABAD","TELANGANA","5000","07-Mar-2023","06-Mar-2028","7893002075","Inactive","EFFECTIVE CONTROL EXPIRED"
"TELANGANA STATE WAREHOUSING CORPORATION","Habsipur","6676712","Habsipur(vill), Dubbak Mandal","SIDDIPET","TELANGANA","10000","24-Jan-2023","23-Jan-2028","9440154835","Active",""
"TELANGANA STATE WAREHOUSING CORPORATION","Suddala-III-IG","6660690","Sultanabad,","PEDDAPALLI","TELANGANA","5833","08-Dec-2022","07-Dec-2027","9492838500","Inactive","EFFECTIVE CONTROL EXPIRED"
"TELANGANA STATE WAREHOUSING CORPORATION","Suddala- I- IG","7017908","Sultanabad,","PEDDAPALLI","TELANGANA","30000","06-Feb-2025","05-Feb-2030","7981672700","Inactive","EFFECTIVE CONTROL EXPIRED"
"TELANGANA STATE WAREHOUSING CORPORATION","Brahmanapally- IG","7041395","Brahmanapally,","KAMAREDDY","TELANGANA","15000","19-Mar-2025","18-Mar-2030","7989716761","Active",""
"TELANGANA STATE WAREHOUSING CORPORATION","Sikindrapur-Own","6890461","Sikindrapur,","NIZAMABAD","TELANGANA","10000","22-Mar-2024","21-Mar-2029","9705377099","Active",""
"TELANGANA STATE WAREHOUSING CORPORATION","Vittalapur","6796866","Chinnakodur,","SIDDIPET","TELANGANA","10000","29-Oct-2023","28-Oct-2028","9440154835","Active",""
"TELANGANA STATE WAREHOUSING CORPORATION","Peddabonkur-IG","6692917","Peddapalli,","PEDDAPALLI","TELANGANA","1666","07-Mar-2023","06-Mar-2028","9989453254","Inactive","EFFECTIVE CONTROL EXPIRED"
"TELANGANA STATE WAREHOUSING CORPORATION","TSWC HUZURABAD OWN","6549091","KC CAMP, KARIMNAGAR,","KARIMNAGAR","TELANGANA","15000","05-Jan-2022","04-Jan-2027","9704614665","Active",""
"TELANGANA STATE WAREHOUSING CORPORATION","Chalaparthy","6693907","Chalaparthy(Vill),","WARANGAL (URBAN)","TELANGANA","10000","07-Mar-2023","06-Mar-2028","9440496015","Active",""
"TELANGANA STATE WAREHOUSING CORPORATION","TSWC PEDDAPALLI OWN","6550081","PEDDAPALLI,","PEDDAPALLI","TELANGANA","8300","19-Jan-2022","18-Jan-2027","9989453254","Active",""
"TELANGANA STATE WAREHOUSING CORPORATION","TSWC ANNARAM","6675458","ANNARAM(V), PANGAL(M)","WANAPARTHY","TELANGANA","10000","18-Jan-2023","17-Jul-2027","9573631003","Active",""
"TELANGANA STATE WAREHOUSING CORPORATION","TSWC Korutla","6547202","Korutla  Telangana,","KARIMNAGAR","TELANGANA","3200","23-Dec-2021","22-Dec-2026","9989475093","Active",""
"TELANGANA STATE WAREHOUSING CORPORATION","TGSWC Balwanthapur- II- IG","7032030","Malyal,","KARIMNAGAR","TELANGANA","30000","06-Mar-2025","05-Mar-2030","9705377099","Active",""
"TELANGANA STATE WAREHOUSING CORPORATION","JALALPUR- IG","7033111","JALALPUR,","NIZAMABAD","TELANGANA","11900","06-Mar-2025","05-Mar-2030","9966413363","Inactive","EFFECTIVE CONTROL EXPIRED"
"TELANGANA STATE WAREHOUSING CORPORATION","TSWC Kodad","6547293","Kodad Telangana,","SURYAPET","TELANGANA","26500","23-Dec-2021","22-Dec-2026","9866329193","Active",""
"TELANGANA STATE WAREHOUSING CORPORATION","Marriguda- IG","7023575","Nalgonda,","NALGONDA","TELANGANA","5000","19-Feb-2025","18-Feb-2030","9247999396","Active",""
"TELANGANA STATE WAREHOUSING CORPORATION","NAGUNOOR- IG","7034374","Nagunoor,","KARIMNAGAR","TELANGANA","8896","07-Mar-2025","06-Mar-2030","9491596211","Inactive","EFFECTIVE CONTROL EXPIRED"
"TELANGANA STATE WAREHOUSING CORPORATION","TSWC SIDDANNAPET","6548192","SIDDIPET VILL, AMC,","SIDDIPET","TELANGANA","5000","03-Jan-2022","02-Jan-2027","9440154835","Active",""
"TELANGANA STATE WAREHOUSING CORPORATION","Patharajampet- OWN","6923767","Patharajampet,","KAMAREDDY","TELANGANA","24167","02-May-2024","01-May-2029","9849186492","Active",""
"TELANGANA STATE WAREHOUSING CORPORATION","TSWC SUGUR","6690572","PEBBAIR(M),","WANAPARTHY","TELANGANA","10000","28-Feb-2023","27-Feb-2028","9573631003","Active",""
"TELANGANA STATE WAREHOUSING CORPORATION","TGSWC- SUDDALA- II","7040405","Sulthanabad,","PEDDAPALLI","TELANGANA","25000","19-Mar-2025","18-Mar-2030","9704614665","Active",""
"TELANGANA STATE WAREHOUSING CORPORATION","Mailaram","6675631","Mailaram,","NIZAMABAD","TELANGANA","13400","19-Jan-2023","18-Jan-2028","9705377099","Active",""
"TELANGANA STATE WAREHOUSING CORPORATION","Rudrasamudram(OWN)","7092968","Makthal,","Hyderabad","TELANGANA","10000","21-May-2025","20-May-2030","9676033782","Active",""
"TELANGANA STATE WAREHOUSING CORPORATION","Bodhan- II- (IG)","7086036","Bodhan,","NIZAMABAD","TELANGANA","15870","07-May-2025","06-May-2030","8317694802","Inactive","EFFECTIVE CONTROL EXPIRED"
"TELANGANA STATE WAREHOUSING CORPORATION","ISRAJPALLE- IG","7070550","Gollapalle,","JAGTIAL","TELANGANA","32500","11-Apr-2025","10-Apr-2030","9110561200","Active",""
"TELANGANA STATE WAREHOUSING CORPORATION","Chinnadarpally","6666093","Mahaboobnagar,","MAHABUBNAGAR","TELANGANA","36000","26-Dec-2022","25-Dec-2027","9676033782","Inactive","EFFECTIVE CONTROL EXPIRED"
"TELANGANA STATE WAREHOUSING CORPORATION","TSWC BOREGAON- OWN","7016736","Laxmanchanda,","NIRMAL","TELANGANA","20000","06-Feb-2025","05-Feb-2030","9640538130","Active",""
"TELANGANA STATE WAREHOUSING CORPORATION","Bhanjipet- OWN","7022494","Narsampet,","WARANGAL (URBAN)","TELANGANA","10000","19-Feb-2025","18-Feb-2030","9502603724","Active",""
"TELANGANA STATE WAREHOUSING CORPORATION","Yashwantharaopet- IG","7057771","Buggaram,","JAGTIAL","TELANGANA","30000","28-Mar-2025","27-Mar-2030","9441439295","Active",""
"TELANGANA STATE WAREHOUSING CORPORATION","TGSWC Balwanthapur- I- IG","7041031","Malyal,","KARIMNAGAR","TELANGANA","30000","19-Mar-2025","18-Mar-2030","9705377099","Active",""
"TELANGANA STATE WAREHOUSING CORPORATION","LAKKORA","6999726","Lakkora,","NIZAMABAD","TELANGANA","10000","02-Dec-2024","01-Dec-2029","9666699660","Active",""
"TELANGANA STATE WAREHOUSING CORPORATION","Chebarthy- IG","7058761","Markuk,","SIDDIPET","TELANGANA","23334","28-Mar-2025","27-Mar-2030","9502381759","Inactive","EFFECTIVE CONTROL EXPIRED"
"TELANGANA STATE WAREHOUSING CORPORATION","Gurralagondhi- Own","7006653","Narayanraopet,","SIDDIPET","TELANGANA","5000","01-Jan-2025","31-Dec-2029","9440154835","Active",""
"TELANGANA STATE WAREHOUSING CORPORATION","Jakkapur- Own","7017452","Narayanraopet,","SIDDIPET","TELANGANA","10000","06-Feb-2025","05-Feb-2030","9440154835","Active",""
"TELANGANA STATE WAREHOUSING CORPORATION","Veeraipally- OWN","7031586","Veeraipally (v), Peddamandadi","WANAPARTHY","TELANGANA","8400","06-Mar-2025","05-Mar-2030","9573631003","Active",""
"TELANGANA STATE WAREHOUSING CORPORATION","TSWC NEREDACHERLA OWN","6548010","SURYAPET,","SURYAPET","TELANGANA","12500","03-Jan-2022","02-Jan-2027","7093175111","Active",""
"TELANGANA STATE WAREHOUSING CORPORATION","Mancherial - IG","6692735","Rajeevnagar Road,","MANCHERIAL","TELANGANA","15000","07-Mar-2023","06-Mar-2028","9989684524","Inactive","EFFECTIVE CONTROL EXPIRED"
"TELANGANA STATE WAREHOUSING CORPORATION","TSWC ALMAYPALLY","6687966","Almaypally(Vi), Khillaghanpur(M)","WANAPARTHY","TELANGANA","10000","22-Feb-2023","21-Feb-2028","9573631003","Active",""
"TELANGANA STATE WAREHOUSING CORPORATION","TSWC Sarangapur","6549000","near srirama temple, hanuman mandir road sarangapur","NIZAMABAD","TELANGANA","10000","05-Jan-2022","04-Jan-2027","9959677559","Active",""
"TELANGANA STATE WAREHOUSING CORPORATION","GADWAL-IG","6660963","Gadwal,","JOGULAMBA","TELANGANA","10000","08-Dec-2022","07-Dec-2027","9573631003","Inactive","EFFECTIVE CONTROL EXPIRED"
"TELANGANA STATE WAREHOUSING CORPORATION","ALLAPUR-OWN","6969307","Near Mahabubabad Toll Plaza, Allapur Villa Medak","MEDAK","TELANGANA","20000","19-Aug-2024","18-Aug-2029","9989474496","Active",""
"TELANGANA STATE WAREHOUSING CORPORATION","TSWC Gurralagonda","6550628","behind 2bhk siddipet,","SIDDIPET","TELANGANA","5000","19-Jan-2022","18-Jan-2027","9440154835","Active",""
"TELANGANA STATE WAREHOUSING CORPORATION","Katnapally- IG","6999908","Sultanabad,","PEDDAPALLI","TELANGANA","25000","02-Dec-2024","01-Dec-2029","7989716761","Inactive","EFFECTIVE CONTROL EXPIRED"
"TELANGANA STATE WAREHOUSING CORPORATION","TSWC MIRYALAGUDA OWN","6674733","MIRYALAGUDA,","NALGONDA","TELANGANA","2150","18-Jan-2023","17-Jan-2028","9948760142","Active",""
"TELANGANA STATE WAREHOUSING CORPORATION","TSWC KARIMNAGAR OWN ( BOMMAKAL )","6550172","KARIMNAGAR BOMMAKAL,","KARIMNAGAR","TELANGANA","15500","19-Jan-2022","18-Jan-2027","7989716761","Active",""
"TELANGANA STATE WAREHOUSING CORPORATION","TSWC KOTHAGUDEM OWN","6549273","LAXMIDEVIPALLI,","NALGONDA","TELANGANA","8300","05-Jan-2022","04-Jan-2027","8744242336","Active",""
"TELANGANA STATE WAREHOUSING CORPORATION","TSWC Jadcherla","6547475","Jadcherla Telangana,","MAHABUBNAGAR","TELANGANA","10000","23-Dec-2021","22-Dec-2026","9573631003","Active",""
"TELANGANA STATE WAREHOUSING CORPORATION","TSWC PALVANCHA OWN","6567002","SRINIVASA COLONY,","NALGONDA","TELANGANA","2500","30-Mar-2022","29-Mar-2027","8985395802","Active",""
"TELANGANA STATE WAREHOUSING CORPORATION","Raghunadhapalem-Own","6890826","Jinkala thanda(Vi), Raghunadhapalem","KHAMMAM","TELANGANA","20000","23-Mar-2024","22-Mar-2029","9440875568","Active",""
"TELANGANA STATE WAREHOUSING CORPORATION","Gurralagondi(Vi)","6673834","Gurralagondi, Behind 2BHK","SIDDIPET","TELANGANA","5000","17-Jan-2023","16-Jan-2028","9440154835","Active",""
"TELANGANA STATE WAREHOUSING CORPORATION","TSWC NALGONDA OWN","6559447","BEHIND GOVT POLYTECHNIC COLLEGE,","NALGONDA","TELANGANA","20000","24-Feb-2022","23-Feb-2027","9247999396","Active",""
"TELANGANA STATE WAREHOUSING CORPORATION","TSWC METPALLI OWN","6548911","NEAR MARKET YARD,","JAGTIAL","TELANGANA","10700","05-Jan-2022","04-Jan-2027","9866329193","Active",""
"TELANGANA STATE WAREHOUSING CORPORATION","TSWC Srirangapuram","6672935","Sherpally road wanaparthy,","WANAPARTHY","TELANGANA","10000","16-Jan-2023","15-Jan-2028","9110561200","Active",""
"TELANGANA STATE WAREHOUSING CORPORATION","Khanapur-IG (ANR Godowns)","6717128","khanapur,","NIZAMABAD","TELANGANA","11750","16-May-2023","15-May-2028","9705377099","Inactive","EFFECTIVE CONTROL EXPIRED"
"TELANGANA STATE WAREHOUSING CORPORATION","Shalapally-IG","6723423","Huzurabad,","KARIMNAGAR","TELANGANA","10000","29-May-2023","28-May-2028","7981267200","Inactive","EFFECTIVE CONTROL EXPIRED"
"TELANGANA STATE WAREHOUSING CORPORATION","Rangapur-IG Peddapally-I","6661326","Peddapally,","PEDDAPALLI","TELANGANA","8333","08-Dec-2022","07-Dec-2027","9989684524","Inactive","EFFECTIVE CONTROL EXPIRED"
"TELANGANA STATE WAREHOUSING CORPORATION","TSWC Huzurnagar","6549364","Huzurnagar Miryalaguda road,","SURYAPET","TELANGANA","16740","07-Feb-2022","06-Feb-2027","9989419467","Active",""
"TELANGANA STATE WAREHOUSING CORPORATION","TSWC BHONGIR OWN","6687420","TAGORE ROAD BHONGIR,","YADADRI","TELANGANA","3700","21-Feb-2023","20-Feb-2028","7093564111","Active",""
"TELANGANA STATE WAREHOUSING CORPORATION","Charla ankireddypally","6676266","Chinnakodur,","SIDDIPET","TELANGANA","10000","24-Jan-2023","23-Jan-2028","9440154835","Active",""
"TELANGANA STATE WAREHOUSING CORPORATION","Kesamudram- IG","6684096","Kesamudram,","MAHABUBABAD","TELANGANA","6000","17-Feb-2023","16-Feb-2028","9848857937","Inactive","EFFECTIVE CONTROL EXPIRED"
"TELANGANA STATE WAREHOUSING CORPORATION","Khanapur-I-IG(Wgrl)","6723605","Khanapur,","WARANGAL RURAL","TELANGANA","7000","29-May-2023","28-May-2028","9849405485","Inactive","EFFECTIVE CONTROL EXPIRED"
"TELANGANA STATE WAREHOUSING CORPORATION","TSWC Arshanapally(OWN)","7016017","Nallabelli,","WARANGAL (URBAN)","TELANGANA","5000","06-Feb-2025","05-Feb-2030","8142928681","Active",""
"TELANGANA STATE WAREHOUSING CORPORATION","TSWC Gundlaphad(OWN)","7017544","Nallabelli,","WARANGAL (URBAN)","TELANGANA","9522","06-Feb-2025","05-Feb-2030","8142928681","Active",""
"TELANGANA STATE WAREHOUSING CORPORATION","Mallaram AMC","7056153","Nizamabad,","NIZAMABAD","TELANGANA","20000","27-Mar-2025","26-Mar-2030","9959677559","Inactive","EFFECTIVE CONTROL EXPIRED"
"TELANGANA STATE WAREHOUSING CORPORATION","Yeshwanthraopet- II","7070196","Jagityal,","KARIMNAGAR","TELANGANA","25000","11-Apr-2025","10-Apr-2030","9110561200","Active",""
"TELANGANA STATE WAREHOUSING CORPORATION","SULTANABAD- IG","7101157","Suglampalli,","KARIMNAGAR","TELANGANA","40000","05-Jun-2025","04-Jun-2030","9866915001","Inactive","EFFECTIVE CONTROL EXPIRED"
"TELANGANA STATE WAREHOUSING CORPORATION","NACHUPALLY- IG","7079460","Kodimyal,","JAGTIAL","TELANGANA","20000","28-Apr-2025","27-Apr-2030","9705377099","Active",""
"TELANGANA STATE WAREHOUSING CORPORATION","Mancherial- IG","7079825","Mancherial,","MANCHERIAL","TELANGANA","10000","28-Apr-2025","27-Apr-2030","9441873457","Active",""
"TELANGANA STATE WAREHOUSING CORPORATION","Munipally- IG","7006471","Munipally,","NIZAMABAD","TELANGANA","8888","01-Jan-2025","31-Dec-2029","9705377099","Inactive","EFFECTIVE CONTROL EXPIRED"
"THIRUMALA WAREHOUSE","THIRUMALA WAREHOUSE","6787774","S.NOS. 768, 775/A, 769/EE, 769/E AND 768 765/E/2, 765/E/3, 769/A, 769/E, 768 AND 766, KAUKUNTLA VILLAGE AND MANDAL","MAHABUBNAGAR","TELANGANA","15000","30-Sep-2023","29-Sep-2028","9000063555","Active",""
"V SANDHYA","VUDUTHALA GODOWN CHINNADARPALLY","6570246","SYNO 42/AA CHINNADARPALLY, MAHABUBNAGAR","MAHABUBNAGAR","TELANGANA","10000","22-Apr-2022","21-Apr-2027","8639706705","Active",""
"VENKATA ANNAPURNA WAREHOUSING","VENKATA ANNAPURNA WAREHOUSING","6754295","GODOWN NO. 1 & 8, S.NOS. 775/U, 775/RU, 776 AND 764 KAUKUNTLA VILLAGE AND MANDAL","MAHABUBNAGAR","TELANGANA","10000","11-Jul-2023","10-Jul-2028","8978800666","Active",""
"VENKATESHWAR PRATAPAGIRI","P VENKATESHWAR RAO","6846000","SYNO 141 & 146 RAMAJIPET VILLAGE, WANGAPALLI YADAGIRIGUTTA MANDAL","YADADRI","TELANGANA","5000","25-Jan-2024","24-Jan-2029","9866522905","Active",""
"VENU MUNDADA","VENUGOPAL MUNDADA","6703714","GODWON 1 SNY 20/1 20/1/1 21/1 21/2 22/1 22/2, YESHWANTPUR VILLAGE","JANGOAN","TELANGANA","5000","31-Mar-2023","30-Mar-2028","8008277302","Active",""
"VIMALA DUGYALA","DUGYALA VIMALA","6682652","GODOWN NO-19 SYNO -1184/1,1185,1188 RAGHAVAPUR,VILLAGE-PEDDAPALLY MANDAL,","PEDDAPALLI","TELANGANA","9999","15-Feb-2023","14-Feb-2028","9866335010","Active",""
"VISWA KALASHIKAM","K.VISWARAJ","6749972","GODOWN NO.12, S.NO.765/E/2, 765/E/1, 766/AA/A, AND 765/A","MAHABUBNAGAR","TELANGANA","7997","30-Jun-2023","29-Jun-2028","9705633217","Active",""
"VUDUTHALA RAO","VUDUTHALA BHASKER RAO RURAL GODOWNS","6568984","SYNO 80/A CHINNADARPALLY VILLAGE, HANWADA MANDAL","MAHABUBNAGAR","TELANGANA","10000","13-Apr-2022","12-Apr-2027","8639706705","Active",""
"YADAVATI GUJJA","GUJJA YADAVATI","6754568","GNO 9 AND 10, NIDIGONDA VILLAGE RAGHUNATHPALLY MANDAL","JANGOAN","TELANGANA","7000","12-Jul-2023","11-Jul-2028","9912551144","Active",""